model,method,train_accuracy,test_accuracy,accuracy_gap,train_f1_macro,test_f1_macro,f1_gap,overfitting
DummyClassifier,train_test,0.8390712570056045,0.8371040723981901,0.0019671846074144073,0.456247279059643,0.45566502463054187,0.0005822544291011478,NON
DummyClassifier,cross_validation,0.8387755102040817,0.8387755102040817,0.0,0.45615979450886,0.4561593756418156,4.188670444382758e-07,NON
RandomForestClassifier,train_test,0.9095276220976781,0.8552036199095022,0.0543240021881759,0.7789210856499285,0.579047619047619,0.19987346660230942,OUI
RandomForestClassifier,cross_validation,0.9132653061224489,0.8476190476190476,0.06564625850340133,0.7912641572901018,0.5681702127904344,0.22309394449966735,OUI
XGBClassifier,train_test,0.8398718975180144,0.8371040723981901,0.0027678251198243187,0.46139648808086386,0.45566502463054187,0.005731463450321994,NON
XGBClassifier,cross_validation,0.8409863945578231,0.8408163265306122,0.0001700680272108679,0.4712198707874052,0.4689964792466773,0.0022233915407278704,NON
CatBoostClassifier,train_test,0.9943955164131305,0.8506787330316742,0.14371678338145633,0.989474951395535,0.6342710997442456,0.3552038516512894,OUI
CatBoostClassifier,cross_validation,0.9965986394557824,0.8380952380952381,0.1585034013605443,0.9936535702003886,0.6084702163050103,0.3851833538953783,OUI
