model,train_accuracy,test_accuracy,accuracy_gap,train_f1_macro,test_f1_macro,f1_gap,overfitting
DummyClassifier,0.7168367346938775,0.7142857142857143,0.0025510204081632404,0.4871602800917226,0.4771341463414634,0.01002613375025918,NON
RandomForestClassifier,0.9379251700680272,0.8367346938775511,0.10119047619047616,0.8632590810987313,0.5545454545454546,0.3087136265532767,OUI
XGBClassifier,0.9013605442176871,0.8333333333333334,0.0680272108843537,0.7619167294965234,0.5873034061936002,0.17461332330292323,OUI
CatBoostClassifier,0.9566326530612245,0.8435374149659864,0.11309523809523803,0.9098873591989987,0.6175339366515837,0.2923534225474149,OUI
