model,train_accuracy,test_accuracy,train_f1_macro,test_f1_macro,train_precision,test_precision,train_recall,test_recall,accuracy_gap,f1_gap,overfitting,confusion_matrix
DummyClassifier,0.7168367346938775,0.7142857142857143,0.4871602800917226,0.4771341463414634,0.48744490106623184,0.4775510204081633,0.4869702145831109,0.4767852528210871,0.0025510204081632404,0.01002613375025918,NON,"[[204, 43], [41, 6]]"
RandomForestClassifier,0.9379251700680272,0.8367346938775511,0.8632590810987313,0.5545454545454546,0.965533522190746,0.6578154941144265,0.8078947368421052,0.5496597467482126,0.10119047619047616,0.3087136265532767,OUI,"[[240, 7], [41, 6]]"
XGBClassifier,0.9013605442176871,0.8333333333333334,0.7619167294965234,0.5873034061936002,0.9146575634734372,0.6556569343065694,0.7074837194405893,0.5734774743733311,0.0680272108843537,0.17461332330292323,OUI,"[[236, 11], [38, 9]]"
CatBoostClassifier,0.9566326530612245,0.8435374149659864,0.9098873591989987,0.6175339366515837,0.9754098360655737,0.6959706959706959,0.8657894736842106,0.5967783616159876,0.11309523809523803,0.2923534225474149,OUI,"[[237, 10], [36, 11]]"
