model,train_accuracy,test_accuracy,accuracy_gap,train_f1_macro,test_f1_macro,f1_gap,overfitting
DummyClassifier,0.7277822257806245,0.7330316742081447,-0.005249448427520287,0.4980235845934164,0.5262851952770209,-0.0282616106836045,NON
RandomForestClassifier,0.9535628502802241,0.8552036199095022,0.09835923037072192,0.9022343503703224,0.579047619047619,0.32318673132270337,OUI
XGBClassifier,0.9727782225780625,0.8416289592760181,0.13114926330204435,0.94582312716881,0.624824174225154,0.320998952943656,OUI
CatBoostClassifier,0.933546837469976,0.8597285067873304,0.07381833068264565,0.850860522427676,0.6677014114565649,0.18315911097111104,OUI
