model,method,train_accuracy,test_accuracy,accuracy_gap,train_f1_macro,test_f1_macro,f1_gap,overfitting
DummyClassifier,train_test,0.8390712570056045,0.8371040723981901,0.0019671846074144073,0.456247279059643,0.45566502463054187,0.0005822544291011478,NON
DummyClassifier,cross_validation,0.8387755102040817,0.8387755102040817,0.0,0.45615979450886,0.4561593756418156,4.188670444382758e-07,NON
RandomForestClassifier,train_test,0.9311449159327462,0.8642533936651584,0.06689152226758777,0.8442173595238371,0.6053571428571429,0.23886021666669421,OUI
RandomForestClassifier,cross_validation,0.938265306122449,0.8476190476190476,0.09064625850340136,0.863762714041228,0.568336640379128,0.29542607366209994,OUI
XGBClassifier,train_test,0.8831064851881505,0.8597285067873304,0.02337797840082012,0.7045271890595631,0.6442332658254142,0.06029392323414895,NON
XGBClassifier,cross_validation,0.8903061224489797,0.8503401360544217,0.03996598639455795,0.7285036816235546,0.6138021952276026,0.11470148639595201,NON
CatBoostClassifier,train_test,0.9439551641313051,0.8461538461538461,0.09780131797745895,0.8784194951551358,0.5875054896794027,0.2909140054757331,OUI
CatBoostClassifier,cross_validation,0.9489795918367345,0.8448979591836734,0.10408163265306114,0.8912117531883629,0.6050671145570801,0.2861446386312828,OUI
