model,class,precision,recall,f1-score,support
DummyClassifier,False,0.0,0.0,0.0,185.0
DummyClassifier,True,0.16289592760180996,1.0,0.2801556420233463,36.0
RandomForestClassifier,False,0.8743961352657005,0.9783783783783784,0.923469387755102,185.0
RandomForestClassifier,True,0.7142857142857143,0.2777777777777778,0.4,36.0
XGBClassifier,False,0.8834355828220859,0.7783783783783784,0.8275862068965517,185.0
XGBClassifier,True,0.29310344827586204,0.4722222222222222,0.3617021276595745,36.0
CatBoostClassifier,False,0.8743169398907104,0.8648648648648649,0.8695652173913043,185.0
CatBoostClassifier,True,0.34210526315789475,0.3611111111111111,0.35135135135135137,36.0
