model,method,train_accuracy,test_accuracy,accuracy_gap,train_f1_macro,test_f1_macro,f1_gap,overfitting,train_precision_macro,test_precision_macro,train_recall_macro,test_recall_macro,train_accuracy_std,train_f1_macro_std,test_accuracy_std,test_f1_macro_std,confusion_matrix
DummyClassifier,train_test,0.16092874299439552,0.16289592760180996,-0.001967184607414435,0.1386206896551724,0.14007782101167315,-0.001457131356500746,NON,0.08046437149719776,0.08144796380090498,0.5,0.5,,,,,"[[0, 185], [0, 36]]"
DummyClassifier,cross_validation,0.8387755102040817,0.8387755102040817,0.0,0.45615979450886,0.4561593756418156,4.188670444382758e-07,NON,0.41938775510204085,0.41938775510204085,0.5,0.5,0.00041657988822844575,0.00012319717054135273,0.0016663195529137286,0.0004930170359267915,N/A
RandomForestClassifier,train_test,0.9815852682145717,0.8597285067873304,0.12185676142724133,0.9645365380935627,0.6442332658254142,0.3203032722681485,OUI,0.9846648197163661,0.78125,0.9468069955565683,0.6141891891891892,,,,,"[[181, 4], [27, 9]]"
RandomForestClassifier,cross_validation,0.9386054421768708,0.84421768707483,0.09438775510204078,0.8647329637990311,0.5626197395024268,0.30211322429660425,OUI,0.9659004074169788,0.7126281296589406,0.8096101364522417,0.5561892773829108,0.0020408163265306424,0.0051083047789756576,0.005851921950369117,0.02559032907584188,N/A
XGBClassifier,train_test,0.8566853482786229,0.7737556561085973,0.08292969217002555,0.7841614172278135,0.618439226519337,0.1657221907084765,OUI,0.7518401735068402,0.6111325115562404,0.8583062739736432,0.629954954954955,,,,,"[[156, 29], [21, 15]]"
XGBClassifier,cross_validation,0.8911564625850341,0.846938775510204,0.04421768707483009,0.7352339965242033,0.6211677482393739,0.11406624828482936,NON,0.8798553413761507,0.7092823733770125,0.6863166210136902,0.600640653592986,0.002579209334711418,0.007870943841662818,0.014269508138369377,0.04734873454574437,N/A
CatBoostClassifier,train_test,0.9567654123298639,0.8009049773755657,0.15586043495429824,0.9275671426362184,0.6081560283687943,0.3194111142674241,OUI,0.8941176470588235,0.6178883071553228,0.9742366412213741,0.6014264264264264,,,,,"[[166, 19], [25, 11]]"
CatBoostClassifier,cross_validation,0.947278911564626,0.8448979591836736,0.10238095238095235,0.88686191848639,0.6037875467390859,0.2830743717473041,OUI,0.9697309203912747,0.7109956207397646,0.8369356171587409,0.5856502515569992,0.006340595878335811,0.015542617138698624,0.00793326788414325,0.02470939224843642,N/A
