model,method,train_accuracy,test_accuracy,accuracy_gap,train_f1_macro,test_f1_macro,f1_gap,overfitting,train_precision_macro,test_precision_macro,train_recall_macro,test_recall_macro,train_accuracy_std,train_f1_macro_std,test_accuracy_std,test_f1_macro_std,confusion_matrix
DummyClassifier,train_test,0.8390712570056045,0.8371040723981901,0.0019671846074144073,0.456247279059643,0.45566502463054187,0.0005822544291011478,NON,0.41953562850280224,0.41855203619909503,0.5,0.5,,,,,"[[185, 0], [36, 0]]"
DummyClassifier,cross_validation,0.8387755102040817,0.8387755102040817,0.0,0.45615979450886,0.4561593756418156,4.188670444382758e-07,NON,0.41938775510204085,0.41938775510204085,0.5,0.5,0.00041657988822844575,0.00012319717054135273,0.0016663195529137286,0.0004930170359267915,N/A
RandomForestClassifier,train_test,0.9311449159327462,0.8642533936651584,0.06689152226758777,0.8442173595238371,0.6053571428571429,0.23886021666669421,OUI,0.9620811287477954,0.9302325581395349,0.7860696517412935,0.5833333333333334,,,,,"[[185, 0], [30, 6]]"
RandomForestClassifier,cross_validation,0.938265306122449,0.8476190476190476,0.09064625850340136,0.863762714041228,0.568336640379128,0.29542607366209994,OUI,0.9657292959479149,0.7509452392276168,0.8085658590921749,0.5599429532175415,0.0036316592693984087,0.009416474597099732,0.0045124146807556074,0.0178929296241271,N/A
XGBClassifier,train_test,0.8831064851881505,0.8597285067873304,0.02337797840082012,0.7045271890595631,0.6442332658254142,0.06029392323414895,NON,0.8709775719161384,0.78125,0.6589310128745585,0.6141891891891892,,,,,"[[181, 4], [27, 9]]"
XGBClassifier,cross_validation,0.8903061224489797,0.8503401360544217,0.03996598639455795,0.7285036816235546,0.6138021952276026,0.11470148639595201,NON,0.888057429985334,0.7314866843681178,0.6789884981035443,0.5941511115569853,0.003915260011299757,0.01076896550627556,0.009620500424306733,0.042906978244338104,N/A
CatBoostClassifier,train_test,0.9439551641313051,0.8461538461538461,0.09780131797745895,0.8784194951551358,0.5875054896794027,0.2909140054757331,OUI,0.9686940966010733,0.728909952606635,0.8258706467661692,0.5725225225225226,,,,,"[[181, 4], [30, 6]]"
CatBoostClassifier,cross_validation,0.9489795918367345,0.8448979591836734,0.10408163265306114,0.8912117531883629,0.6050671145570801,0.2861446386312828,OUI,0.9706400318805934,0.7036560675698154,0.8422126987516119,0.5874190248384524,0.004870007164379698,0.011818290768761439,0.009277674623799862,0.0381661483229745,N/A
