model,method,train_accuracy,test_accuracy,accuracy_gap,train_f1_macro,test_f1_macro,f1_gap,overfitting
DummyClassifier,train_test,0.16092874299439552,0.16289592760180996,-0.001967184607414435,0.1386206896551724,0.14007782101167315,-0.001457131356500746,NON
DummyClassifier,cross_validation,0.8387755102040817,0.8387755102040817,0.0,0.45615979450886,0.4561593756418156,4.188670444382758e-07,NON
RandomForestClassifier,train_test,0.9815852682145717,0.8597285067873304,0.12185676142724133,0.9645365380935627,0.6442332658254142,0.3203032722681485,OUI
RandomForestClassifier,cross_validation,0.9386054421768708,0.8435374149659864,0.09506802721088436,0.8647329637990311,0.5592522105104554,0.3054807532885757,OUI
XGBClassifier,train_test,0.8566853482786229,0.7737556561085973,0.08292969217002555,0.7841614172278135,0.618439226519337,0.1657221907084765,OUI
XGBClassifier,cross_validation,0.8920068027210885,0.8435374149659864,0.04846938775510201,0.7350390557007338,0.6068326042538288,0.128206451446905,OUI
CatBoostClassifier,train_test,0.9567654123298639,0.8009049773755657,0.15586043495429824,0.9275671426362184,0.6081560283687943,0.3194111142674241,OUI
CatBoostClassifier,cross_validation,0.947278911564626,0.8448979591836736,0.10238095238095235,0.88686191848639,0.6037875467390859,0.2830743717473041,OUI
