model,method,train_accuracy,test_accuracy,accuracy_gap,train_f1_macro,test_f1_macro,f1_gap,overfitting,train_precision_macro,test_precision_macro,train_recall_macro,test_recall_macro,train_accuracy_std,train_f1_macro_std,test_accuracy_std,test_f1_macro_std,confusion_matrix
DummyClassifier,train_test,0.16092874299439552,0.16289592760180996,-0.001967184607414435,0.1386206896551724,0.14007782101167315,-0.001457131356500746,NON,0.08046437149719776,0.08144796380090498,0.5,0.5,,,,,"[[0, 185], [0, 36]]"
DummyClassifier,cross_validation,0.8387755102040817,0.8387755102040817,0.0,0.45615979450886,0.4561593756418156,4.188670444382758e-07,NON,0.41938775510204085,0.41938775510204085,0.5,0.5,0.00041657988822844575,0.00012319717054135273,0.0016663195529137286,0.0004930170359267915,N/A
RandomForestClassifier,train_test,0.9855884707766213,0.8642533936651584,0.12133507711146285,0.9723051679280984,0.661734693877551,0.3105704740505474,OUI,0.9915572232645403,0.7943409247757074,0.9552238805970149,0.6280780780780781,,,,,"[[181, 4], [26, 10]]"
RandomForestClassifier,cross_validation,0.938265306122449,0.8476190476190476,0.09064625850340136,0.863762714041228,0.568336640379128,0.29542607366209994,OUI,0.9657292959479149,0.7509452392276168,0.8085658590921749,0.5599429532175415,0.0036316592693984087,0.009416474597099732,0.0045124146807556074,0.0178929296241271,N/A
XGBClassifier,train_test,0.8502802241793435,0.7285067873303167,0.12177343684902675,0.7763828212588693,0.5946441672780631,0.18173865398080613,OUI,0.7448280410195536,0.588269515548974,0.8524790171281,0.6253003003003004,,,,,"[[144, 41], [19, 17]]"
XGBClassifier,cross_validation,0.8903061224489797,0.8503401360544217,0.03996598639455795,0.7285036816235546,0.6138021952276026,0.11470148639595201,NON,0.888057429985334,0.7314866843681178,0.6789884981035443,0.5941511115569853,0.003915260011299757,0.01076896550627556,0.009620500424306733,0.042906978244338104,N/A
CatBoostClassifier,train_test,0.9575660528422738,0.7828054298642534,0.17476062297802042,0.9287871208576054,0.6104582843713279,0.3183288364862775,OUI,0.8956692913385826,0.6082111015243026,0.9747137404580153,0.612987987987988,,,,,"[[160, 25], [23, 13]]"
CatBoostClassifier,cross_validation,0.9489795918367345,0.8448979591836734,0.10408163265306114,0.8912117531883629,0.6050671145570801,0.2861446386312828,OUI,0.9706400318805934,0.7036560675698154,0.8422126987516119,0.5874190248384524,0.004870007164379698,0.011818290768761439,0.009277674623799862,0.0381661483229745,N/A
