model,class,precision,recall,f1-score,support
DummyClassifier,False,0.8371040723981901,1.0,0.9113300492610837,185.0
DummyClassifier,True,0.0,0.0,0.0,36.0
RandomForestClassifier,False,0.8604651162790697,1.0,0.925,185.0
RandomForestClassifier,True,1.0,0.16666666666666666,0.2857142857142857,36.0
XGBClassifier,False,0.8701923076923077,0.9783783783783784,0.9211195928753181,185.0
XGBClassifier,True,0.6923076923076923,0.25,0.3673469387755102,36.0
CatBoostClassifier,False,0.8578199052132701,0.9783783783783784,0.9141414141414141,185.0
CatBoostClassifier,True,0.6,0.16666666666666666,0.2608695652173913,36.0
