model,train_accuracy,test_accuracy,train_f1_macro,test_f1_macro,train_precision,test_precision,train_recall,test_recall,accuracy_gap,f1_gap,overfitting,confusion_matrix
DummyClassifier,0.7277822257806245,0.7330316742081447,0.4980235845934164,0.5262851952770209,0.49803379517561625,0.5256410256410257,0.4980180205841024,0.5273273273273273,-0.005249448427520287,-0.0282616106836045,NON,"[[154, 31], [28, 8]]"
RandomForestClassifier,0.9535628502802241,0.8552036199095022,0.9022343503703224,0.579047619047619,0.9737793851717902,0.8445736434108527,0.8557213930348259,0.5667417417417417,0.09835923037072192,0.32318673132270337,OUI,"[[184, 1], [31, 5]]"
XGBClassifier,0.9727782225780625,0.8416289592760181,0.94582312716881,0.624824174225154,0.9842883548983364,0.6985294117647058,0.9154228855721394,0.6033783783783784,0.13114926330204435,0.320998952943656,OUI,"[[177, 8], [27, 9]]"
CatBoostClassifier,0.933546837469976,0.8597285067873304,0.850860522427676,0.6677014114565649,0.9633068081343943,0.7622549019607843,0.7935323383084577,0.6365615615615616,0.07381833068264565,0.18315911097111104,OUI,"[[179, 6], [25, 11]]"
