model,train_accuracy,test_accuracy,accuracy_gap,train_f1_macro,test_f1_macro,f1_gap,overfitting
DummyClassifier,0.7461969575660529,0.7149321266968326,0.03126483086922027,0.5213951998452733,0.4831272970263949,0.038267902818878374,NON
RandomForestClassifier,0.9535628502802241,0.8552036199095022,0.09835923037072192,0.9022343503703224,0.579047619047619,0.32318673132270337,OUI
XGBClassifier,0.9151321056845476,0.8461538461538461,0.06897825953070147,0.800368520730045,0.6026861252115059,0.19768239551853917,OUI
CatBoostClassifier,0.9183346677341874,0.8597285067873304,0.058606160946857,0.8079017840987226,0.6309722596283329,0.17692952447038968,OUI
