model,train_accuracy,test_accuracy,train_f1_macro,test_f1_macro,train_precision,test_precision,train_recall,test_recall,accuracy_gap,f1_gap,overfitting,confusion_matrix
DummyClassifier,0.7461969575660529,0.7149321266968326,0.5213951998452733,0.4831272970263949,0.5218533191422264,0.48332843713278495,0.5210540807413315,0.48295795795795793,0.03126483086922027,0.038267902818878374,NON,"[[153, 32], [31, 5]]"
RandomForestClassifier,0.9551641313050441,0.8552036199095022,0.9060639920923137,0.579047619047619,0.9746376811594203,0.8445736434108527,0.8606965174129353,0.5667417417417417,0.09996051139554185,0.32701637304469466,OUI,"[[184, 1], [31, 5]]"
XGBClassifier,0.9151321056845476,0.8461538461538461,0.800368520730045,0.6026861252115059,0.9402878876737848,0.7222886762360448,0.7423497968174395,0.5837087087087087,0.06897825953070147,0.19768239551853917,OUI,"[[180, 5], [29, 7]]"
CatBoostClassifier,0.9183346677341874,0.8597285067873304,0.8079017840987226,0.6309722596283329,0.9510599579121675,0.796969696969697,0.7482791196688314,0.603003003003003,0.058606160946857,0.17692952447038968,OUI,"[[182, 3], [28, 8]]"
