model,train_accuracy,test_accuracy,accuracy_gap,train_f1_macro,test_f1_macro,f1_gap,overfitting
DummyClassifier,0.7277822257806245,0.7330316742081447,-0.005249448427520287,0.4980235845934164,0.5262851952770209,-0.0282616106836045,NON
RandomForestClassifier,0.9511609287429944,0.8552036199095022,0.09595730883349218,0.8964171754785959,0.5961626313385107,0.30025454414008523,OUI
XGBClassifier,0.9271417133706965,0.8371040723981901,0.09003764097250644,0.8407247187153606,0.6427801724137931,0.19794454630156744,OUI
CatBoostClassifier,0.9199359487590072,0.8552036199095022,0.06473232884950497,0.8127368900830014,0.626057529610829,0.18667936047217237,OUI
